,Year,Month Number,"PRICE RECEIVED, MEASURED IN $ / BU",Precipitation,Average Temperature,month_cos,month_sin
0,1950,1,1.15,4.800350351235469,39.17,0.8660254037844387,0.49999999999999994
1,1950,2,1.16,3.8587500000000006,40.80716956575416,0.5000000000000001,0.8660254037844386
2,1950,3,1.19,2.5725000000000002,45.279999999999994,6.123233995736766e-17,1.0
3,1950,4,1.26,1.2862500000000008,51.39,-0.4999999999999998,0.8660254037844387
4,1950,5,1.34,0.34464964876453186,57.49999999999999,-0.8660254037844385,0.5000000000000003
5,1950,6,1.36,0.0,61.972830434245836,-1.0,1.2246467991473532e-16
6,1950,7,1.44,0.34464964876453097,63.61,-0.8660254037844388,-0.4999999999999997
7,1950,8,1.44,1.286249999999999,61.97283043424584,-0.5000000000000004,-0.8660254037844385
8,1950,9,1.44,2.5725,57.50000000000001,-1.8369701987210297e-16,-1.0
9,1950,10,1.37,3.858749999999999,51.390000000000015,0.49999999999999933,-0.866025403784439
10,1950,11,1.37,4.800350351235468,45.28000000000001,0.8660254037844384,-0.5000000000000004
11,1950,12,1.45,5.1450000000000005,40.80716956575417,1.0,-2.4492935982947064e-16
12,1951,1,1.54,4.859441155688643,39.03999999999999,0.8660254037844387,0.49999999999999994
13,1951,2,1.6,3.90625,40.6577432493029,0.5000000000000001,0.8660254037844386
14,1951,3,1.6,2.6041666666666665,45.077499999999986,6.123233995736766e-17,1.0
15,1951,4,1.62,1.302083333333334,51.114999999999995,-0.4999999999999998,0.8660254037844387
16,1951,5,1.64,0.3488921776446916,57.15249999999999,-0.8660254037844385,0.5000000000000003
17,1951,6,1.62,0.0,61.572256750697086,-1.0,1.2246467991473532e-16
18,1951,7,1.63,0.3488921776446907,63.19,-0.8660254037844388,-0.4999999999999997
19,1951,8,1.65,1.3020833333333321,61.57225675069709,-0.5000000000000004,-0.8660254037844385
20,1951,9,1.65,2.604166666666666,57.1525,-1.8369701987210297e-16,-1.0
21,1951,10,1.64,3.9062499999999982,51.11500000000001,0.49999999999999933,-0.866025403784439
22,1951,11,1.61,4.859441155688641,45.07750000000001,0.8660254037844384,-0.5000000000000004
23,1951,12,1.68,5.208333333333333,40.65774324930291,1.0,-2.4492935982947064e-16
24,1952,1,1.68,4.095925761306843,39.85000000000001,0.8660254037844387,0.49999999999999994
25,1952,2,1.65,3.2925,41.51463435797835,0.5000000000000001,0.8660254037844386
26,1952,3,1.65,2.195,46.0625,6.123233995736766e-17,1.0
27,1952,4,1.68,1.0975000000000004,52.275000000000006,-0.4999999999999998,0.8660254037844387
28,1952,5,1.7,0.2940742386931574,58.4875,-0.8660254037844385,0.5000000000000003
29,1952,6,1.73,0.0,63.03536564202165,-1.0,1.2246467991473532e-16
30,1952,7,1.73,0.29407423869315674,64.7,-0.8660254037844388,-0.4999999999999997
31,1952,8,1.73,1.097499999999999,63.03536564202166,-0.5000000000000004,-0.8660254037844385
32,1952,9,1.71,2.1949999999999994,58.48750000000001,-1.8369701987210297e-16,-1.0
33,1952,10,1.53,3.292499999999998,52.27500000000002,0.49999999999999933,-0.866025403784439
34,1952,11,1.45,4.095925761306842,46.062500000000014,0.8660254037844384,-0.5000000000000004
35,1952,12,1.5,4.39,41.514634357978366,1.0,-2.4492935982947064e-16
36,1953,1,1.48,4.402264931761454,40.959999999999994,0.8660254037844387,0.49999999999999994
37,1953,2,1.43,3.53875,42.621284993072955,0.5000000000000001,0.8660254037844386
38,1953,3,1.46,2.3591666666666664,47.16,6.123233995736766e-17,1.0
39,1953,4,1.46,1.1795833333333337,53.36,-0.4999999999999998,0.8660254037844387
40,1953,5,1.49,0.3160684015718789,59.559999999999995,-0.8660254037844385,0.5000000000000003
41,1953,6,1.46,0.0,64.09871500692704,-1.0,1.2246467991473532e-16
42,1953,7,1.47,0.316068401571878,65.76,-0.8660254037844388,-0.4999999999999997
43,1953,8,1.48,1.179583333333332,64.09871500692705,-0.5000000000000004,-0.8660254037844385
44,1953,9,1.5,2.359166666666666,59.56,-1.8369701987210297e-16,-1.0
45,1953,10,1.34,3.538749999999998,53.360000000000014,0.49999999999999933,-0.866025403784439
46,1953,11,1.33,4.4022649317614535,47.16000000000001,0.8660254037844384,-0.5000000000000004
47,1953,12,1.41,4.718333333333333,42.62128499307297,1.0,-2.4492935982947064e-16
48,1954,1,1.42,4.066380359080256,40.870000000000005,0.8660254037844387,0.49999999999999994
49,1954,2,1.43,3.2687500000000003,42.538653595864815,0.5000000000000001,0.8660254037844386
50,1954,3,1.44,2.1791666666666667,47.0975,6.123233995736766e-17,1.0
51,1954,4,1.45,1.0895833333333338,53.325,-0.4999999999999998,0.8660254037844387
52,1954,5,1.47,0.29195297425307776,59.552499999999995,-0.8660254037844385,0.5000000000000003
53,1954,6,1.49,0.0,64.11134640413519,-1.0,1.2246467991473532e-16
54,1954,7,1.5,0.2919529742530771,65.78,-0.8660254037844388,-0.4999999999999997
55,1954,8,1.53,1.0895833333333325,64.11134640413519,-0.5000000000000004,-0.8660254037844385
56,1954,9,1.53,2.1791666666666663,59.55250000000001,-1.8369701987210297e-16,-1.0
57,1954,10,1.45,3.2687499999999985,53.32500000000002,0.49999999999999933,-0.866025403784439
58,1954,11,1.37,4.066380359080256,47.09750000000001,0.8660254037844384,-0.5000000000000004
59,1954,12,1.39,4.358333333333333,42.53865359586483,1.0,-2.4492935982947064e-16
60,1955,1,1.4,4.313628725081694,39.41,0.8660254037844387,0.49999999999999994
61,1955,2,1.4,3.4675000000000002,41.05453816854602,0.5000000000000001,0.8660254037844386
62,1955,3,1.36,2.3116666666666665,45.5475,6.123233995736766e-17,1.0
63,1955,4,1.36,1.1558333333333337,51.685,-0.4999999999999998,0.8660254037844387
64,1955,5,1.4,0.3097046082516397,57.8225,-0.8660254037844385,0.5000000000000003
65,1955,6,1.4,0.0,62.31546183145399,-1.0,1.2246467991473532e-16
66,1955,7,1.4,0.3097046082516388,63.96000000000001,-0.8660254037844388,-0.4999999999999997
67,1955,8,1.3,1.1558333333333322,62.315461831453995,-0.5000000000000004,-0.8660254037844385
68,1955,9,1.24,2.311666666666666,57.822500000000005,-1.8369701987210297e-16,-1.0
69,1955,10,1.14,3.4674999999999985,51.68500000000002,0.49999999999999933,-0.866025403784439
70,1955,11,1.09,4.313628725081693,45.547500000000014,0.8660254037844384,-0.5000000000000004
71,1955,12,1.15,4.623333333333333,41.054538168546024,1.0,-2.4492935982947064e-16
72,1956,1,1.16,3.946643729004087,39.760000000000005,0.8660254037844387,0.49999999999999994
73,1956,2,1.18,3.1725,41.44540042039176,0.5000000000000001,0.8660254037844386
74,1956,3,1.2,2.1149999999999998,46.05,6.123233995736766e-17,1.0
75,1956,4,1.32,1.0575000000000003,52.34,-0.4999999999999998,0.8660254037844387
76,1956,5,1.39,0.28335627099591254,58.629999999999995,-0.8660254037844385,0.5000000000000003
77,1956,6,1.42,0.0,63.23459957960824,-1.0,1.2246467991473532e-16
78,1956,7,1.43,0.2833562709959119,64.92,-0.8660254037844388,-0.4999999999999997
79,1956,8,1.45,1.057499999999999,63.23459957960825,-0.5000000000000004,-0.8660254037844385
80,1956,9,1.43,2.1149999999999993,58.63000000000001,-1.8369701987210297e-16,-1.0
81,1956,10,1.19,3.1724999999999985,52.34000000000002,0.49999999999999933,-0.866025403784439
82,1956,11,1.21,3.9466437290040868,46.05000000000001,0.8660254037844384,-0.5000000000000004
83,1956,12,1.22,4.2299999999999995,41.44540042039177,1.0,-2.4492935982947064e-16
84,1957,1,1.23,5.2668567021815775,40.629999999999995,0.8660254037844387,0.49999999999999994
85,1957,2,1.19,4.23375,42.15998988878171,0.5000000000000001,0.8660254037844386
86,1957,3,1.2,2.8225,46.33999999999999,6.123233995736766e-17,1.0
87,1957,4,1.21,1.4112500000000006,52.05,-0.4999999999999998,0.8660254037844387
88,1957,5,1.23,0.3781432978184225,57.75999999999999,-0.8660254037844385,0.5000000000000003
89,1957,6,1.22,0.0,61.940010111218285,-1.0,1.2246467991473532e-16
90,1957,7,1.23,0.3781432978184216,63.47,-0.8660254037844388,-0.4999999999999997
91,1957,8,1.23,1.4112499999999986,61.940010111218285,-0.5000000000000004,-0.8660254037844385
92,1957,9,1.15,2.8224999999999993,57.760000000000005,-1.8369701987210297e-16,-1.0
93,1957,10,1.06,4.233749999999998,52.05000000000001,0.49999999999999933,-0.866025403784439
94,1957,11,0.985,5.2668567021815775,46.34,0.8660254037844384,-0.5000000000000004
95,1957,12,0.984,5.645,42.159989888781716,1.0,-2.4492935982947064e-16
96,1958,1,0.931,4.700828996366965,40.13,0.8660254037844387,0.49999999999999994
97,1958,2,0.958,3.77875,41.71090023534362,0.5000000000000001,0.8660254037844386
98,1958,3,1,2.5191666666666666,46.029999999999994,6.123233995736766e-17,1.0
99,1958,4,1.12,1.259583333333334,51.93,-0.4999999999999998,0.8660254037844387
100,1958,5,1.15,0.3375043369663686,57.82999999999999,-0.8660254037844385,0.5000000000000003
101,1958,6,1.19,0.0,62.14909976465637,-1.0,1.2246467991473532e-16
102,1958,7,1.18,0.3375043369663677,63.73,-0.8660254037844388,-0.4999999999999997
103,1958,8,1.18,1.2595833333333322,62.14909976465638,-0.5000000000000004,-0.8660254037844385
104,1958,9,1.13,2.519166666666666,57.830000000000005,-1.8369701987210297e-16,-1.0
105,1958,10,1.04,3.778749999999998,51.930000000000014,0.49999999999999933,-0.866025403784439
106,1958,11,0.942,4.700828996366964,46.03000000000001,0.8660254037844384,-0.5000000000000004
107,1958,12,1.02,5.038333333333333,41.71090023534364,1.0,-2.4492935982947064e-16
108,1959,1,1.03,4.75836477965032,40.06,0.8660254037844387,0.49999999999999994
109,1959,2,1.04,3.8250000000000006,41.67372401141644,0.5000000000000001,0.8660254037844386
110,1959,3,1.06,2.5500000000000003,46.082499999999996,6.123233995736766e-17,1.0
111,1959,4,1.13,1.2750000000000008,52.105000000000004,-0.4999999999999998,0.8660254037844387
112,1959,5,1.16,0.34163522034968175,58.1275,-0.8660254037844385,0.5000000000000003
113,1959,6,1.16,0.0,62.53627598858357,-1.0,1.2246467991473532e-16
114,1959,7,1.13,0.34163522034968086,64.15,-0.8660254037844388,-0.4999999999999997
115,1959,8,1.13,1.274999999999999,62.536275988583576,-0.5000000000000004,-0.8660254037844385
116,1959,9,1.09,2.55,58.12750000000001,-1.8369701987210297e-16,-1.0
117,1959,10,0.991,3.8249999999999984,52.10500000000002,0.49999999999999933,-0.866025403784439
118,1959,11,0.988,4.758364779650318,46.08250000000001,0.8660254037844384,-0.5000000000000004
119,1959,12,0.978,5.1000000000000005,41.673724011416446,1.0,-2.4492935982947064e-16
120,1960,1,0.999,4.470685863233552,39.45,0.8660254037844387,0.49999999999999994
121,1960,2,1.01,3.5937500000000004,41.056355408624576,0.5000000000000001,0.8660254037844386
122,1960,3,1.02,2.3958333333333335,45.44499999999999,6.123233995736766e-17,1.0
123,1960,4,1.06,1.1979166666666672,51.44,-0.4999999999999998,0.8660254037844387
124,1960,5,1.08,0.3209808034331161,57.43499999999999,-0.8660254037844385,0.5000000000000003
125,1960,6,1.09,0.0,61.82364459137541,-1.0,1.2246467991473532e-16
126,1960,7,1.09,0.3209808034331152,63.42999999999999,-0.8660254037844388,-0.4999999999999997
127,1960,8,1.07,1.1979166666666656,61.82364459137542,-0.5000000000000004,-0.8660254037844385
128,1960,9,1.06,2.395833333333333,57.435,-1.8369701987210297e-16,-1.0
129,1960,10,0.992,3.5937499999999987,51.44000000000001,0.49999999999999933,-0.866025403784439
130,1960,11,0.902,4.47068586323355,45.44500000000001,0.8660254037844384,-0.5000000000000004
131,1960,12,0.919,4.791666666666667,41.05635540862459,1.0,-2.4492935982947064e-16
132,1961,1,0.97,4.859441155688643,39.91,0.8660254037844387,0.49999999999999994
133,1961,2,1.01,3.90625,41.51166629775703,0.5000000000000001,0.8660254037844386
134,1961,3,1.01,2.6041666666666665,45.88749999999999,6.123233995736766e-17,1.0
135,1961,4,0.968,1.302083333333334,51.864999999999995,-0.4999999999999998,0.8660254037844387
136,1961,5,1.02,0.3488921776446916,57.84249999999999,-0.8660254037844385,0.5000000000000003
137,1961,6,1.03,0.0,62.21833370224296,-1.0,1.2246467991473532e-16
138,1961,7,1.05,0.3488921776446907,63.81999999999999,-0.8660254037844388,-0.4999999999999997
139,1961,8,1.04,1.3020833333333321,62.218333702242965,-0.5000000000000004,-0.8660254037844385
140,1961,9,1.04,2.604166666666666,57.8425,-1.8369701987210297e-16,-1.0
141,1961,10,1.02,3.9062499999999982,51.86500000000001,0.49999999999999933,-0.866025403784439
142,1961,11,0.992,4.859441155688641,45.8875,0.8660254037844384,-0.5000000000000004
143,1961,12,0.994,5.208333333333333,41.51166629775704,1.0,-2.4492935982947064e-16
144,1962,1,0.993,4.447360545686246,39.84,0.8660254037844387,0.49999999999999994
145,1962,2,0.996,3.575,41.455733630359674,0.5000000000000001,0.8660254037844386
146,1962,3,1,2.3833333333333333,45.870000000000005,6.123233995736766e-17,1.0
147,1962,4,1.02,1.191666666666667,51.900000000000006,-0.4999999999999998,0.8660254037844387
148,1962,5,1.04,0.31930612098042177,57.93,-0.8660254037844385,0.5000000000000003
149,1962,6,1.04,0.0,62.34426636964033,-1.0,1.2246467991473532e-16
150,1962,7,1.05,0.3193061209804209,63.96000000000001,-0.8660254037844388,-0.4999999999999997
151,1962,8,1.03,1.1916666666666655,62.34426636964034,-0.5000000000000004,-0.8660254037844385
152,1962,9,1.04,2.383333333333333,57.93000000000001,-1.8369701987210297e-16,-1.0
153,1962,10,1.03,3.5749999999999984,51.90000000000002,0.49999999999999933,-0.866025403784439
154,1962,11,0.987,4.447360545686244,45.87000000000002,0.8660254037844384,-0.5000000000000004
155,1962,12,1.04,4.766666666666667,41.45573363035969,1.0,-2.4492935982947064e-16
156,1963,1,1.07,3.9964044064383395,39.849999999999994,0.8660254037844387,0.49999999999999994
157,1963,2,1.09,3.2125000000000004,41.511284993072955,0.5000000000000001,0.8660254037844386
158,1963,3,1.1,2.1416666666666666,46.05,6.123233995736766e-17,1.0
159,1963,4,1.1,1.0708333333333337,52.25,-0.4999999999999998,0.8660254037844387
160,1963,5,1.11,0.28692892689499416,58.449999999999996,-0.8660254037844385,0.5000000000000003
161,1963,6,1.16,0.0,62.98871500692704,-1.0,1.2246467991473532e-16
162,1963,7,1.19,0.2869289268949935,64.65,-0.8660254037844388,-0.4999999999999997
163,1963,8,1.19,1.0708333333333324,62.988715006927045,-0.5000000000000004,-0.8660254037844385
164,1963,9,1.21,2.141666666666666,58.45,-1.8369701987210297e-16,-1.0
165,1963,10,1.11,3.2124999999999986,52.250000000000014,0.49999999999999933,-0.866025403784439
166,1963,11,1.05,3.996404406438339,46.05000000000001,0.8660254037844384,-0.5000000000000004
167,1963,12,1.09,4.283333333333333,41.51128499307297,1.0,-2.4492935982947064e-16
168,1964,1,1.12,4.705494059876427,39.43000000000001,0.8660254037844387,0.49999999999999994
169,1964,2,1.11,3.7825000000000006,41.06984905767847,0.5000000000000001,0.8660254037844386
170,1964,3,1.13,2.521666666666667,45.55,6.123233995736766e-17,1.0
171,1964,4,1.15,1.2608333333333341,51.67,-0.4999999999999998,0.8660254037844387
172,1964,5,1.17,0.33783927345690756,57.78999999999999,-0.8660254037844385,0.5000000000000003
173,1964,6,1.16,0.0,62.27015094232153,-1.0,1.2246467991473532e-16
174,1964,7,1.12,0.3378392734569067,63.91,-0.8660254037844388,-0.4999999999999997
175,1964,8,1.12,1.2608333333333324,62.270150942321536,-0.5000000000000004,-0.8660254037844385
176,1964,9,1.17,2.5216666666666665,57.790000000000006,-1.8369701987210297e-16,-1.0
177,1964,10,1.13,3.782499999999999,51.670000000000016,0.49999999999999933,-0.866025403784439
178,1964,11,1.07,4.705494059876425,45.55000000000001,0.8660254037844384,-0.5000000000000004
179,1964,12,1.16,5.043333333333334,41.06984905767848,1.0,-2.4492935982947064e-16
180,1965,1,1.18,4.633963086064689,39.89,0.8660254037844387,0.49999999999999994
181,1965,2,1.2,3.7250000000000005,41.469560489381465,0.5000000000000001,0.8660254037844386
182,1965,3,1.21,2.4833333333333334,45.785,6.123233995736766e-17,1.0
183,1965,4,1.23,1.2416666666666671,51.68,-0.4999999999999998,0.8660254037844387
184,1965,5,1.26,0.3327035806019776,57.57499999999999,-0.8660254037844385,0.5000000000000003
185,1965,6,1.25,0.0,61.89043951061853,-1.0,1.2246467991473532e-16
186,1965,7,1.22,0.33270358060197713,63.47,-0.8660254037844388,-0.4999999999999997
187,1965,8,1.18,1.2416666666666656,61.890439510618535,-0.5000000000000004,-0.8660254037844385
188,1965,9,1.18,2.483333333333333,57.575,-1.8369701987210297e-16,-1.0
189,1965,10,1.1,3.7249999999999988,51.680000000000014,0.49999999999999933,-0.866025403784439
190,1965,11,1.04,4.633963086064689,45.78500000000001,0.8660254037844384,-0.5000000000000004
191,1965,12,1.13,4.966666666666667,41.46956048938148,1.0,-2.4492935982947064e-16
192,1966,1,1.19,4.270088132326724,39.34,0.8660254037844387,0.49999999999999994
193,1966,2,1.2,3.4325000000000006,40.96779134401907,0.5000000000000001,0.8660254037844386
194,1966,3,1.17,2.2883333333333336,45.415,6.123233995736766e-17,1.0
195,1966,4,1.19,1.1441666666666672,51.49,-0.4999999999999998,0.8660254037844387
196,1966,5,1.21,0.3065785343399432,57.56499999999999,-0.8660254037844385,0.5000000000000003
197,1966,6,1.2,0.0,62.01220865598093,-1.0,1.2246467991473532e-16
198,1966,7,1.27,0.30657853433994253,63.64,-0.8660254037844388,-0.4999999999999997
199,1966,8,1.34,1.1441666666666657,62.012208655980935,-0.5000000000000004,-0.8660254037844385
200,1966,9,1.35,2.288333333333333,57.565000000000005,-1.8369701987210297e-16,-1.0
201,1966,10,1.29,3.4324999999999988,51.490000000000016,0.49999999999999933,-0.866025403784439
202,1966,11,1.26,4.270088132326723,45.41500000000001,0.8660254037844384,-0.5000000000000004
203,1966,12,1.29,4.576666666666667,40.96779134401908,1.0,-2.4492935982947064e-16
204,1967,1,1.28,4.602862662668283,39.69,0.8660254037844387,0.49999999999999994
205,1967,2,1.26,3.7,41.307073376321824,0.5000000000000001,0.8660254037844386
206,1967,3,1.28,2.466666666666667,45.724999999999994,6.123233995736766e-17,1.0
207,1967,4,1.26,1.2333333333333338,51.76,-0.4999999999999998,0.8660254037844387
208,1967,5,1.25,0.33047067066505154,57.79499999999999,-0.8660254037844385,0.5000000000000003
209,1967,6,1.26,0.0,62.21292662367817,-1.0,1.2246467991473532e-16
210,1967,7,1.21,0.3304706706650511,63.83,-0.8660254037844388,-0.4999999999999997
211,1967,8,1.11,1.2333333333333323,62.21292662367818,-0.5000000000000004,-0.8660254037844385
212,1967,9,1.12,2.4666666666666663,57.795,-1.8369701987210297e-16,-1.0
213,1967,10,1.04,3.6999999999999984,51.76000000000001,0.49999999999999933,-0.866025403784439
214,1967,11,0.975,4.602862662668281,45.72500000000001,0.8660254037844384,-0.5000000000000004
215,1967,12,1.03,4.933333333333334,41.30707337632183,1.0,-2.4492935982947064e-16
216,1968,1,1.04,4.725709335084091,39.43,0.8660254037844387,0.49999999999999994
217,1968,2,1.06,3.7987500000000005,41.02295794900302,0.5000000000000001,0.8660254037844386
218,1968,3,1.06,2.5325,45.37499999999999,6.123233995736766e-17,1.0
219,1968,4,1.06,1.2662500000000008,51.32,-0.4999999999999998,0.8660254037844387
220,1968,5,1.09,0.33929066491590953,57.26499999999999,-0.8660254037844385,0.5000000000000003
221,1968,6,1.07,0.0,61.61704205099697,-1.0,1.2246467991473532e-16
222,1968,7,1.04,0.33929066491590865,63.21,-0.8660254037844388,-0.4999999999999997
223,1968,8,0.986,1.266249999999999,61.61704205099698,-0.5000000000000004,-0.8660254037844385
224,1968,9,1.01,2.5324999999999998,57.26500000000001,-1.8369701987210297e-16,-1.0
225,1968,10,0.962,3.7987499999999983,51.320000000000014,0.49999999999999933,-0.866025403784439
226,1968,11,1.04,4.72570933508409,45.37500000000001,0.8660254037844384,-0.5000000000000004
227,1968,12,1.05,5.065,41.02295794900303,1.0,-2.4492935982947064e-16
228,1969,1,1.08,4.76302984315978,39.81,0.8660254037844387,0.49999999999999994
229,1969,2,1.09,3.82875,41.37616302975991,0.5000000000000001,0.8660254037844386
230,1969,3,1.09,2.5524999999999998,45.654999999999994,6.123233995736766e-17,1.0
231,1969,4,1.12,1.2762500000000006,51.5,-0.4999999999999998,0.8660254037844387
232,1969,5,1.19,0.3419701568402207,57.34499999999999,-0.8660254037844385,0.5000000000000003
233,1969,6,1.18,0.0,61.623836970240085,-1.0,1.2246467991473532e-16
234,1969,7,1.18,0.3419701568402198,63.19,-0.8660254037844388,-0.4999999999999997
235,1969,8,1.18,1.2762499999999988,61.62383697024009,-0.5000000000000004,-0.8660254037844385
236,1969,9,1.15,2.5524999999999993,57.345000000000006,-1.8369701987210297e-16,-1.0
237,1969,10,1.12,3.8287499999999977,51.500000000000014,0.49999999999999933,-0.866025403784439
238,1969,11,1.07,4.763029843159778,45.65500000000001,0.8660254037844384,-0.5000000000000004
239,1969,12,1.09,5.1049999999999995,41.37616302975992,1.0,-2.4492935982947064e-16
240,1970,1,1.12,4.618412874366486,39.67,0.8660254037844387,0.49999999999999994
241,1970,2,1.14,3.7125000000000004,41.2696566788138,0.5000000000000001,0.8660254037844386
242,1970,3,1.13,2.475,45.63999999999999,6.123233995736766e-17,1.0
243,1970,4,1.15,1.2375000000000005,51.61,-0.4999999999999998,0.8660254037844387
244,1970,5,1.18,0.33158712563351456,57.57999999999999,-0.8660254037844385,0.5000000000000003
245,1970,6,1.21,0.0,61.950343321186196,-1.0,1.2246467991473532e-16
246,1970,7,1.24,0.3315871256335141,63.55,-0.8660254037844388,-0.4999999999999997
247,1970,8,1.27,1.237499999999999,61.950343321186196,-0.5000000000000004,-0.8660254037844385
248,1970,9,1.38,2.4749999999999996,57.580000000000005,-1.8369701987210297e-16,-1.0
249,1970,10,1.34,3.7124999999999986,51.610000000000014,0.49999999999999933,-0.866025403784439
250,1970,11,1.29,4.618412874366485,45.64000000000001,0.8660254037844384,-0.5000000000000004
251,1970,12,1.36,4.95,41.26965667881381,1.0,-2.4492935982947064e-16
252,1971,1,1.42,4.7163792080651685,39.78,0.8660254037844387,0.49999999999999994
253,1971,2,1.43,3.79125,41.37094833005979,0.5000000000000001,0.8660254037844386
254,1971,3,1.43,2.5275,45.717499999999994,6.123233995736766e-17,1.0
255,1971,4,1.41,1.2637500000000006,51.655,-0.4999999999999998,0.8660254037844387
256,1971,5,1.38,0.33862079193483163,57.592499999999994,-0.8660254037844385,0.5000000000000003
257,1971,6,1.43,0.0,61.939051669940206,-1.0,1.2246467991473532e-16
258,1971,7,1.36,0.33862079193483074,63.53,-0.8660254037844388,-0.4999999999999997
259,1971,8,1.19,1.2637499999999988,61.93905166994021,-0.5000000000000004,-0.8660254037844385
260,1971,9,1.11,2.5274999999999994,57.59250000000001,-1.8369701987210297e-16,-1.0
261,1971,10,1,3.791249999999998,51.655000000000015,0.49999999999999933,-0.866025403784439
262,1971,11,0.974,4.716379208065168,45.71750000000001,0.8660254037844384,-0.5000000000000004
263,1971,12,1.08,5.055,41.370948330059804,1.0,-2.4492935982947064e-16
264,1972,1,1.09,4.929417108330559,39.64,0.8660254037844387,0.49999999999999994
265,1972,2,1.09,3.9625000000000004,41.210182267646374,0.5000000000000001,0.8660254037844386
266,1972,3,1.1,2.6416666666666666,45.49999999999999,6.123233995736766e-17,1.0
267,1972,4,1.13,1.320833333333334,51.36,-0.4999999999999998,0.8660254037844387
268,1972,5,1.15,0.353916225002775,57.21999999999999,-0.8660254037844385,0.5000000000000003
269,1972,6,1.13,0.0,61.50981773235362,-1.0,1.2246467991473532e-16
270,1972,7,1.14,0.3539162250027741,63.08,-0.8660254037844388,-0.4999999999999997
271,1972,8,1.15,1.3208333333333322,61.509817732353625,-0.5000000000000004,-0.8660254037844385
272,1972,9,1.22,2.641666666666666,57.220000000000006,-1.8369701987210297e-16,-1.0
273,1972,10,1.19,3.962499999999998,51.360000000000014,0.49999999999999933,-0.866025403784439
274,1972,11,1.2,4.929417108330558,45.50000000000001,0.8660254037844384,-0.5000000000000004
275,1972,12,1.42,5.283333333333333,41.21018226764639,1.0,-2.4492935982947064e-16
276,1973,1,1.39,5.436354009691998,40.75,0.8660254037844387,0.49999999999999994
277,1973,2,1.35,4.370000000000001,42.29539696734649,0.5000000000000001,0.8660254037844386
278,1973,3,1.37,2.9133333333333336,46.51749999999999,6.123233995736766e-17,1.0
279,1973,4,1.42,1.4566666666666674,52.285,-0.4999999999999998,0.8660254037844387
280,1973,5,1.61,0.3903126569746691,58.05249999999999,-0.8660254037844385,0.5000000000000003
281,1973,6,1.99,0.0,62.274603032653495,-1.0,1.2246467991473532e-16
282,1973,7,2.03,0.3903126569746682,63.81999999999999,-0.8660254037844388,-0.4999999999999997
283,1973,8,2.68,1.4566666666666654,62.2746030326535,-0.5000000000000004,-0.8660254037844385
284,1973,9,2.15,2.913333333333333,58.0525,-1.8369701987210297e-16,-1.0
285,1973,10,2.17,4.369999999999998,52.28500000000001,0.49999999999999933,-0.866025403784439
286,1973,11,2.18,5.436354009691998,46.517500000000005,0.8660254037844384,-0.5000000000000004
287,1973,12,2.39,5.826666666666667,42.295396967346505,1.0,-2.4492935982947064e-16
288,1974,1,2.59,4.761474821989959,40.21000000000001,0.8660254037844387,0.49999999999999994
289,1974,2,2.76,3.8275000000000006,41.825063757378594,0.5000000000000001,0.8660254037844386
290,1974,3,2.68,2.5516666666666667,46.2375,6.123233995736766e-17,1.0
291,1974,4,2.41,1.275833333333334,52.265,-0.4999999999999998,0.8660254037844387
292,1974,5,2.45,0.3418585113433745,58.29249999999999,-0.8660254037844385,0.5000000000000003
293,1974,6,2.57,0.0,62.7049362426214,-1.0,1.2246467991473532e-16
294,1974,7,2.91,0.34185851134337364,64.32,-0.8660254037844388,-0.4999999999999997
295,1974,8,3.37,1.2758333333333323,62.70493624262141,-0.5000000000000004,-0.8660254037844385
296,1974,9,3.3,2.5516666666666663,58.292500000000004,-1.8369701987210297e-16,-1.0
297,1974,10,3.45,3.8274999999999983,52.265000000000015,0.49999999999999933,-0.866025403784439
298,1974,11,3.32,4.7614748219899585,46.23750000000001,0.8660254037844384,-0.5000000000000004
299,1974,12,3.27,5.1033333333333335,41.8250637573786,1.0,-2.4492935982947064e-16
300,1975,1,3.07,5.136234923916668,39.77,0.8660254037844387,0.49999999999999994
301,1975,2,2.86,4.12875,41.34152201360854,0.5000000000000001,0.8660254037844386
302,1975,3,2.67,2.7525,45.635,6.123233995736766e-17,1.0
303,1975,4,2.68,1.3762500000000006,51.5,-0.4999999999999998,0.8660254037844387
304,1975,5,2.66,0.3687650760833332,57.36499999999999,-0.8660254037844385,0.5000000000000003
305,1975,6,2.68,0.0,61.65847798639146,-1.0,1.2246467991473532e-16
306,1975,7,2.72,0.3687650760833323,63.23,-0.8660254037844388,-0.4999999999999997
307,1975,8,2.95,1.3762499999999986,61.65847798639147,-0.5000000000000004,-0.8660254037844385
308,1975,9,2.76,2.7524999999999995,57.365,-1.8369701987210297e-16,-1.0
309,1975,10,2.62,4.128749999999998,51.500000000000014,0.49999999999999933,-0.866025403784439
310,1975,11,2.33,5.136234923916667,45.63500000000001,0.8660254037844384,-0.5000000000000004
311,1975,12,2.37,5.505,41.34152201360855,1.0,-2.4492935982947064e-16
312,1976,1,2.44,4.091260697797382,38.870000000000005,0.8660254037844387,0.49999999999999994
313,1976,2,2.48,3.2887500000000003,40.558079912316074,0.5000000000000001,0.8660254037844386
314,1976,3,2.5,2.1925,45.169999999999995,6.123233995736766e-17,1.0
315,1976,4,2.46,1.0962500000000004,51.47,-0.4999999999999998,0.8660254037844387
316,1976,5,2.61,0.2937393022026187,57.76999999999999,-0.8660254037844385,0.5000000000000003
317,1976,6,2.74,0.0,62.38192008768392,-1.0,1.2246467991473532e-16
318,1976,7,2.82,0.2937393022026178,64.07,-0.8660254037844388,-0.4999999999999997
319,1976,8,2.64,1.096249999999999,62.38192008768393,-0.5000000000000004,-0.8660254037844385
320,1976,9,2.6,2.1924999999999994,57.77,-1.8369701987210297e-16,-1.0
321,1976,10,2.33,3.2887499999999985,51.47000000000001,0.49999999999999933,-0.866025403784439
322,1976,11,2.02,4.091260697797381,45.17000000000001,0.8660254037844384,-0.5000000000000004
323,1976,12,2.24,4.385,40.55807991231608,1.0,-2.4492935982947064e-16
324,1977,1,2.34,4.733484440933193,40.519999999999996,0.8660254037844387,0.49999999999999994
325,1977,2,2.34,3.805,42.1317143924732,0.5000000000000001,0.8660254037844386
326,1977,3,2.35,2.5366666666666666,46.535,6.123233995736766e-17,1.0
327,1977,4,2.31,1.268333333333334,52.55,-0.4999999999999998,0.8660254037844387
328,1977,5,2.25,0.3398488924001408,58.56499999999999,-0.8660254037844385,0.5000000000000003
329,1977,6,2.12,0.0,62.96828560752679,-1.0,1.2246467991473532e-16
330,1977,7,1.88,0.3398488924001404,64.58,-0.8660254037844388,-0.4999999999999997
331,1977,8,1.63,1.2683333333333322,62.968285607526795,-0.5000000000000004,-0.8660254037844385
332,1977,9,1.6,2.536666666666666,58.565,-1.8369701987210297e-16,-1.0
333,1977,10,1.67,3.804999999999998,52.55000000000001,0.49999999999999933,-0.866025403784439
334,1977,11,1.88,4.733484440933192,46.53500000000001,0.8660254037844384,-0.5000000000000004
335,1977,12,1.97,5.073333333333333,42.131714392473214,1.0,-2.4492935982947064e-16
336,1978,1,2,4.686833805838582,39.32,0.8660254037844387,0.49999999999999994
337,1978,2,2.03,3.7675,40.89085214062746,0.5000000000000001,0.8660254037844386
338,1978,3,2.15,2.5116666666666667,45.1825,6.123233995736766e-17,1.0
339,1978,4,2.24,1.255833333333334,51.045,-0.4999999999999998,0.8660254037844387
340,1978,5,2.29,0.3364995274947522,56.90749999999999,-0.8660254037844385,0.5000000000000003
341,1978,6,2.28,0.0,61.199147859372545,-1.0,1.2246467991473532e-16
342,1978,7,2.16,0.3364995274947513,62.77,-0.8660254037844388,-0.4999999999999997
343,1978,8,2.01,1.2558333333333322,61.19914785937255,-0.5000000000000004,-0.8660254037844385
344,1978,9,1.98,2.5116666666666663,56.907500000000006,-1.8369701987210297e-16,-1.0
345,1978,10,1.97,3.7674999999999983,51.045000000000016,0.49999999999999933,-0.866025403784439
346,1978,11,2.02,4.686833805838582,45.18250000000001,0.8660254037844384,-0.5000000000000004
347,1978,12,2.09,5.023333333333333,40.890852140627466,1.0,-2.4492935982947064e-16
348,1979,1,2.11,5.092694331161697,39.06,0.8660254037844387,0.49999999999999994
349,1979,2,2.18,4.09375,40.64424960024902,0.5000000000000001,0.8660254037844386
350,1979,3,2.22,2.7291666666666665,44.9725,6.123233995736766e-17,1.0
351,1979,4,2.27,1.364583333333334,50.885000000000005,-0.4999999999999998,0.8660254037844387
352,1979,5,2.35,0.3656390021716365,56.7975,-0.8660254037844385,0.5000000000000003
353,1979,6,2.49,0.0,61.125750399750984,-1.0,1.2246467991473532e-16
354,1979,7,2.64,0.3656390021716356,62.71000000000001,-0.8660254037844388,-0.4999999999999997
355,1979,8,2.54,1.3645833333333321,61.125750399751,-0.5000000000000004,-0.8660254037844385
356,1979,9,2.51,2.729166666666666,56.797500000000014,-1.8369701987210297e-16,-1.0
357,1979,10,2.41,4.093749999999998,50.88500000000002,0.49999999999999933,-0.866025403784439
358,1979,11,2.27,5.092694331161696,44.97250000000001,0.8660254037844384,-0.5000000000000004
359,1979,12,2.38,5.458333333333333,40.644249600249026,1.0,-2.4492935982947064e-16
360,1980,1,2.45,4.396044847082173,40.33,0.8660254037844387,0.49999999999999994
361,1980,2,2.39,3.5337500000000004,41.94506375737859,0.5000000000000001,0.8660254037844386
362,1980,3,2.4,2.3558333333333334,46.357499999999995,6.123233995736766e-17,1.0
363,1980,4,2.36,1.1779166666666672,52.385,-0.4999999999999998,0.8660254037844387
364,1980,5,2.42,0.31562181958449376,58.41249999999999,-0.8660254037844385,0.5000000000000003
365,1980,6,2.49,0.0,62.824936242621405,-1.0,1.2246467991473532e-16
366,1980,7,2.73,0.31562181958449287,64.44,-0.8660254037844388,-0.4999999999999997
367,1980,8,2.92,1.1779166666666656,62.82493624262141,-0.5000000000000004,-0.8660254037844385
368,1980,9,3.01,2.355833333333333,58.4125,-1.8369701987210297e-16,-1.0
369,1980,10,2.99,3.5337499999999986,52.38500000000001,0.49999999999999933,-0.866025403784439
370,1980,11,3.1,4.396044847082173,46.35750000000001,0.8660254037844384,-0.5000000000000004
371,1980,12,3.19,4.711666666666667,41.9450637573786,1.0,-2.4492935982947064e-16
372,1981,1,3.19,4.658843424781815,41.17,0.8660254037844387,0.49999999999999994
373,1981,2,3.22,3.745,42.77099642477596,0.5000000000000001,0.8660254037844386
374,1981,3,3.25,2.4966666666666666,47.144999999999996,6.123233995736766e-17,1.0
375,1981,4,3.24,1.2483333333333337,53.12,-0.4999999999999998,0.8660254037844387
376,1981,5,3.24,0.3344899085515185,59.094999999999985,-0.8660254037844385,0.5000000000000003
377,1981,6,3.17,0.0,63.469003575224036,-1.0,1.2246467991473532e-16
378,1981,7,3.14,0.3344899085515176,65.07,-0.8660254037844388,-0.4999999999999997
379,1981,8,2.87,1.2483333333333322,63.469003575224036,-0.5000000000000004,-0.8660254037844385
380,1981,9,2.55,2.496666666666666,59.095,-1.8369701987210297e-16,-1.0
381,1981,10,2.45,3.7449999999999983,53.12000000000001,0.49999999999999933,-0.866025403784439
382,1981,11,2.34,4.658843424781814,47.14500000000001,0.8660254037844384,-0.5000000000000004
383,1981,12,2.39,4.993333333333333,42.770996424775966,1.0,-2.4492935982947064e-16
384,1982,1,2.54,5.265301681011758,39.84,0.8660254037844387,0.49999999999999994
385,1982,2,2.44,4.2325,41.38003798349788,0.5000000000000001,0.8660254037844386
386,1982,3,2.46,2.8216666666666668,45.5875,6.123233995736766e-17,1.0
387,1982,4,2.55,1.410833333333334,51.335,-0.4999999999999998,0.8660254037844387
388,1982,5,2.6,0.3780316523215759,57.08249999999999,-0.8660254037844385,0.5000000000000003
389,1982,6,2.57,0.0,61.289962016502116,-1.0,1.2246467991473532e-16
390,1982,7,2.5,0.378031652321575,62.83,-0.8660254037844388,-0.4999999999999997
391,1982,8,2.3,1.410833333333332,61.28996201650212,-0.5000000000000004,-0.8660254037844385
392,1982,9,2.15,2.8216666666666663,57.0825,-1.8369701987210297e-16,-1.0
393,1982,10,1.98,4.232499999999998,51.335000000000015,0.49999999999999933,-0.866025403784439
394,1982,11,2.13,5.265301681011757,45.58750000000001,0.8660254037844384,-0.5000000000000004
395,1982,12,2.26,5.6433333333333335,41.380037983497886,1.0,-2.4492935982947064e-16
396,1983,1,2.36,5.40525358629559,40.68,0.8660254037844387,0.49999999999999994
397,1983,2,2.56,4.345,42.17984560463321,0.5000000000000001,0.8660254037844386
398,1983,3,2.71,2.8966666666666665,46.277499999999996,6.123233995736766e-17,1.0
399,1983,4,2.95,1.448333333333334,51.875,-0.4999999999999998,0.8660254037844387
400,1983,5,3.03,0.38807974703774306,57.4725,-0.8660254037844385,0.5000000000000003
401,1983,6,3.04,0.0,61.570154395366785,-1.0,1.2246467991473532e-16
402,1983,7,3.13,0.3880797470377422,63.07,-0.8660254037844388,-0.4999999999999997
403,1983,8,3.35,1.448333333333332,61.5701543953668,-0.5000000000000004,-0.8660254037844385
404,1983,9,3.32,2.896666666666666,57.472500000000004,-1.8369701987210297e-16,-1.0
405,1983,10,3.15,4.344999999999998,51.875000000000014,0.49999999999999933,-0.866025403784439
406,1983,11,3.17,5.40525358629559,46.27750000000001,0.8660254037844384,-0.5000000000000004
407,1983,12,3.15,5.793333333333333,42.179845604633215,1.0,-2.4492935982947064e-16
408,1984,1,3.15,4.882766473235948,40.370000000000005,0.8660254037844387,0.49999999999999994
409,1984,2,3.11,3.9250000000000003,41.925445062062664,0.5000000000000001,0.8660254037844386
410,1984,3,3.21,2.6166666666666667,46.175,6.123233995736766e-17,1.0
411,1984,4,3.32,1.308333333333334,51.980000000000004,-0.4999999999999998,0.8660254037844387
412,1984,5,3.34,0.3505668600973859,57.785,-0.8660254037844385,0.5000000000000003
413,1984,6,3.36,0.0,62.03455493793734,-1.0,1.2246467991473532e-16
414,1984,7,3.3,0.350566860097385,63.59,-0.8660254037844388,-0.4999999999999997
415,1984,8,3.12,1.3083333333333322,62.034554937937344,-0.5000000000000004,-0.8660254037844385
416,1984,9,2.9,2.6166666666666663,57.78500000000001,-1.8369701987210297e-16,-1.0
417,1984,10,2.65,3.924999999999998,51.98000000000002,0.49999999999999933,-0.866025403784439
418,1984,11,2.55,4.882766473235947,46.17500000000001,0.8660254037844384,-0.5000000000000004
419,1984,12,2.56,5.233333333333333,41.92544506206268,1.0,-2.4492935982947064e-16
420,1985,1,2.64,4.660398445951635,39.55,0.8660254037844387,0.49999999999999994
421,1985,2,2.62,3.7462500000000003,41.12420150553284,0.5000000000000001,0.8660254037844386
422,1985,3,2.67,2.4975,45.42499999999999,6.123233995736766e-17,1.0
423,1985,4,2.7,1.2487500000000005,51.3,-0.4999999999999998,0.8660254037844387
424,1985,5,2.68,0.33460155404836467,57.17499999999999,-0.8660254037844385,0.5000000000000003
425,1985,6,2.64,0.0,61.47579849446715,-1.0,1.2246467991473532e-16
426,1985,7,2.6,0.3346015540483642,63.05,-0.8660254037844388,-0.4999999999999997
427,1985,8,2.44,1.248749999999999,61.475798494467156,-0.5000000000000004,-0.8660254037844385
428,1985,9,2.29,2.4974999999999996,57.175000000000004,-1.8369701987210297e-16,-1.0
429,1985,10,2.11,3.7462499999999985,51.30000000000001,0.49999999999999933,-0.866025403784439
430,1985,11,2.21,4.660398445951635,45.425000000000004,0.8660254037844384,-0.5000000000000004
431,1985,12,2.29,4.995,41.12420150553285,1.0,-2.4492935982947064e-16
432,1986,1,2.33,4.879656430896307,41.74000000000001,0.8660254037844387,0.49999999999999994
433,1986,2,2.32,3.9225,43.2914258241762,0.5000000000000001,0.8660254037844386
434,1986,3,2.29,2.6149999999999998,47.53,6.123233995736766e-17,1.0
435,1986,4,2.3,1.3075000000000006,53.32000000000001,-0.4999999999999998,0.8660254037844387
436,1986,5,2.39,0.35034356910369313,59.11,-0.8660254037844385,0.5000000000000003
437,1986,6,2.32,0.0,63.348574175823806,-1.0,1.2246467991473532e-16
438,1986,7,2,0.35034356910369224,64.9,-0.8660254037844388,-0.4999999999999997
439,1986,8,1.73,1.3074999999999988,63.34857417582381,-0.5000000000000004,-0.8660254037844385
440,1986,9,1.45,2.6149999999999993,59.110000000000014,-1.8369701987210297e-16,-1.0
441,1986,10,1.4,3.9224999999999977,53.32000000000002,0.49999999999999933,-0.866025403784439
442,1986,11,1.47,4.879656430896306,47.530000000000015,0.8660254037844384,-0.5000000000000004
443,1986,12,1.5,5.2299999999999995,43.291425824176216,1.0,-2.4492935982947064e-16
444,1987,1,1.48,4.51111641364888,41.31999999999999,0.8660254037844387,0.49999999999999994
445,1987,2,1.42,3.62625,42.929034900548885,0.5000000000000001,0.8660254037844386
446,1987,3,1.47,2.4175,47.32499999999999,6.123233995736766e-17,1.0
447,1987,4,1.52,1.2087500000000004,53.33,-0.4999999999999998,0.8660254037844387
448,1987,5,1.66,0.32388358635112,59.334999999999994,-0.8660254037844385,0.5000000000000003
449,1987,6,1.69,0.0,63.730965099451105,-1.0,1.2246467991473532e-16
450,1987,7,1.6,0.32388358635111913,65.34,-0.8660254037844388,-0.4999999999999997
451,1987,8,1.47,1.2087499999999989,63.73096509945111,-0.5000000000000004,-0.8660254037844385
452,1987,9,1.49,2.4174999999999995,59.33500000000001,-1.8369701987210297e-16,-1.0
453,1987,10,1.55,3.6262499999999984,53.33000000000001,0.49999999999999933,-0.866025403784439
454,1987,11,1.61,4.51111641364888,47.32500000000001,0.8660254037844384,-0.5000000000000004
455,1987,12,1.72,4.835,42.9290349005489,1.0,-2.4492935982947064e-16
456,1988,1,1.77,4.027504829834747,40.06999999999999,0.8660254037844387,0.49999999999999994
457,1988,2,1.83,3.2375,41.75205105548637,0.5000000000000001,0.8660254037844386
458,1988,3,1.86,2.158333333333333,46.3475,6.123233995736766e-17,1.0
459,1988,4,1.88,1.079166666666667,52.625,-0.4999999999999998,0.8660254037844387
460,1988,5,1.94,0.2891618368319202,58.902499999999996,-0.8660254037844385,0.5000000000000003
461,1988,6,2.41,0.0,63.497948944513624,-1.0,1.2246467991473532e-16
462,1988,7,2.72,0.28916183683191954,65.18,-0.8660254037844388,-0.4999999999999997
463,1988,8,2.65,1.0791666666666657,63.49794894451364,-0.5000000000000004,-0.8660254037844385
464,1988,9,2.6,2.1583333333333328,58.9025,-1.8369701987210297e-16,-1.0
465,1988,10,2.58,3.2374999999999985,52.625000000000014,0.49999999999999933,-0.866025403784439
466,1988,11,2.51,4.027504829834746,46.34750000000001,0.8660254037844384,-0.5000000000000004
467,1988,12,2.53,4.316666666666666,41.752051055486376,1.0,-2.4492935982947064e-16
468,1989,1,2.6,4.517336498328162,39.69,0.8660254037844387,0.49999999999999994
469,1989,2,2.59,3.6312500000000005,41.316451598056915,0.5000000000000001,0.8660254037844386
470,1989,3,2.6,2.4208333333333334,45.75999999999999,6.123233995736766e-17,1.0
471,1989,4,2.56,1.2104166666666671,51.83,-0.4999999999999998,0.8660254037844387
472,1989,5,2.58,0.32433016833850514,57.89999999999999,-0.8660254037844385,0.5000000000000003
473,1989,6,2.52,0.0,62.34354840194308,-1.0,1.2246467991473532e-16
474,1989,7,2.47,0.32433016833850425,63.97,-0.8660254037844388,-0.4999999999999997
475,1989,8,2.27,1.2104166666666656,62.34354840194309,-0.5000000000000004,-0.8660254037844385
476,1989,9,2.29,2.420833333333333,57.900000000000006,-1.8369701987210297e-16,-1.0
477,1989,10,2.22,3.6312499999999988,51.83000000000001,0.49999999999999933,-0.866025403784439
478,1989,11,2.24,4.517336498328161,45.760000000000005,0.8660254037844384,-0.5000000000000004
479,1989,12,2.27,4.841666666666667,41.31645159805692,1.0,-2.4492935982947064e-16
480,1990,1,2.31,5.002503103312117,41.39,0.8660254037844387,0.49999999999999994
481,1990,2,2.32,4.02125,43.013772106132606,0.5000000000000001,0.8660254037844386
482,1990,3,2.37,2.6808333333333336,47.449999999999996,6.123233995736766e-17,1.0
483,1990,4,2.51,1.3404166666666675,53.51,-0.4999999999999998,0.8660254037844387
484,1990,5,2.62,0.35916356335455113,59.569999999999986,-0.8660254037844385,0.5000000000000003
485,1990,6,2.63,0.0,64.00622789386739,-1.0,1.2246467991473532e-16
486,1990,7,2.62,0.35916356335455024,65.63,-0.8660254037844388,-0.4999999999999997
487,1990,8,2.51,1.3404166666666657,64.00622789386739,-0.5000000000000004,-0.8660254037844385
488,1990,9,2.32,2.680833333333333,59.57,-1.8369701987210297e-16,-1.0
489,1990,10,2.19,4.021249999999998,53.51000000000001,0.49999999999999933,-0.866025403784439
490,1990,11,2.16,5.002503103312115,47.45000000000001,0.8660254037844384,-0.5000000000000004
491,1990,12,2.22,5.361666666666667,43.01377210613261,1.0,-2.4492935982947064e-16
492,1991,1,2.27,5.0444886748972655,41.510000000000005,0.8660254037844387,0.49999999999999994
493,1991,2,2.32,4.055,43.07013417293021,0.5000000000000001,0.8660254037844386
494,1991,3,2.39,2.703333333333333,47.332499999999996,6.123233995736766e-17,1.0
495,1991,4,2.42,1.3516666666666672,53.155,-0.4999999999999998,0.8660254037844387
496,1991,5,2.38,0.36217799176940124,58.97749999999999,-0.8660254037844385,0.5000000000000003
497,1991,6,2.31,0.0,63.239865827069785,-1.0,1.2246467991473532e-16
498,1991,7,2.27,0.36217799176940035,64.8,-0.8660254037844388,-0.4999999999999997
499,1991,8,2.33,1.3516666666666655,63.23986582706979,-0.5000000000000004,-0.8660254037844385
500,1991,9,2.33,2.7033333333333327,58.977500000000006,-1.8369701987210297e-16,-1.0
501,1991,10,2.31,4.054999999999998,53.155000000000015,0.49999999999999933,-0.866025403784439
502,1991,11,2.29,5.044488674897265,47.33250000000001,0.8660254037844384,-0.5000000000000004
503,1991,12,2.33,5.406666666666666,43.070134172930224,1.0,-2.4492935982947064e-16
504,1992,1,2.4,4.860996176858462,41.06999999999999,0.8660254037844387,0.49999999999999994
505,1992,2,2.46,3.9075,42.61472709436542,0.5000000000000001,0.8660254037844386
506,1992,3,2.49,2.605,46.834999999999994,6.123233995736766e-17,1.0
507,1992,4,2.48,1.3025000000000007,52.599999999999994,-0.4999999999999998,0.8660254037844387
508,1992,5,2.49,0.3490038231415378,58.36499999999999,-0.8660254037844385,0.5000000000000003
509,1992,6,2.47,0.0,62.58527290563457,-1.0,1.2246467991473532e-16
510,1992,7,2.33,0.3490038231415369,64.13,-0.8660254037844388,-0.4999999999999997
511,1992,8,2.15,1.3024999999999989,62.585272905634575,-0.5000000000000004,-0.8660254037844385
512,1992,9,2.16,2.6049999999999995,58.364999999999995,-1.8369701987210297e-16,-1.0
513,1992,10,2.05,3.907499999999998,52.60000000000001,0.49999999999999933,-0.866025403784439
514,1992,11,1.98,4.860996176858462,46.83500000000001,0.8660254037844384,-0.5000000000000004
515,1992,12,1.97,5.21,42.61472709436543,1.0,-2.4492935982947064e-16
516,1993,1,2.03,5.072479055954032,39.83,0.8660254037844387,0.49999999999999994
517,1993,2,2,4.077500000000001,41.36065976176278,0.5000000000000001,0.8660254037844386
518,1993,3,2.1,2.7183333333333333,45.54249999999999,6.123233995736766e-17,1.0
519,1993,4,2.16,1.3591666666666673,51.254999999999995,-0.4999999999999998,0.8660254037844387
520,1993,5,2.14,0.3641876107126345,56.96749999999999,-0.8660254037844385,0.5000000000000003
521,1993,6,2.09,0.0,61.1493402382372,-1.0,1.2246467991473532e-16
522,1993,7,2.22,0.3641876107126336,62.67999999999999,-0.8660254037844388,-0.4999999999999997
523,1993,8,2.25,1.3591666666666655,61.149340238237215,-0.5000000000000004,-0.8660254037844385
524,1993,9,2.21,2.718333333333333,56.9675,-1.8369701987210297e-16,-1.0
525,1993,10,2.28,4.077499999999998,51.25500000000001,0.49999999999999933,-0.866025403784439
526,1993,11,2.45,5.072479055954032,45.542500000000004,0.8660254037844384,-0.5000000000000004
527,1993,12,2.67,5.4366666666666665,41.36065976176279,1.0,-2.4492935982947064e-16
528,1994,1,2.7,4.761474821989959,40.94,0.8660254037844387,0.49999999999999994
529,1994,2,2.79,3.8275000000000006,42.53831693285164,0.5000000000000001,0.8660254037844386
530,1994,3,2.74,2.5516666666666667,46.904999999999994,6.123233995736766e-17,1.0
531,1994,4,2.65,1.275833333333334,52.87,-0.4999999999999998,0.8660254037844387
532,1994,5,2.6,0.3418585113433745,58.83499999999999,-0.8660254037844385,0.5000000000000003
533,1994,6,2.61,0.0,63.201683067148345,-1.0,1.2246467991473532e-16
534,1994,7,2.29,0.34185851134337364,64.8,-0.8660254037844388,-0.4999999999999997
535,1994,8,2.16,1.2758333333333323,63.20168306714835,-0.5000000000000004,-0.8660254037844385
536,1994,9,2.19,2.5516666666666663,58.835,-1.8369701987210297e-16,-1.0
537,1994,10,2.06,3.8274999999999983,52.87000000000001,0.49999999999999933,-0.866025403784439
538,1994,11,1.99,4.7614748219899585,46.90500000000001,0.8660254037844384,-0.5000000000000004
539,1994,12,2.13,5.1033333333333335,42.53831693285166,1.0,-2.4492935982947064e-16
540,1995,1,2.19,5.083364204142775,40.96000000000001,0.8660254037844387,0.49999999999999994
541,1995,2,2.23,4.08625,42.526163029759914,0.5000000000000001,0.8660254037844386
542,1995,3,2.3,2.7241666666666666,46.805,6.123233995736766e-17,1.0
543,1995,4,2.36,1.362083333333334,52.650000000000006,-0.4999999999999998,0.8660254037844387
544,1995,5,2.42,0.364969129190559,58.495,-0.8660254037844385,0.5000000000000003
545,1995,6,2.51,0.0,62.77383697024009,-1.0,1.2246467991473532e-16
546,1995,7,2.63,0.36496912919055813,64.34,-0.8660254037844388,-0.4999999999999997
547,1995,8,2.63,1.3620833333333322,62.7738369702401,-0.5000000000000004,-0.8660254037844385
548,1995,9,2.69,2.724166666666666,58.49500000000001,-1.8369701987210297e-16,-1.0
549,1995,10,2.79,4.086249999999998,52.65000000000002,0.49999999999999933,-0.866025403784439
550,1995,11,2.87,5.083364204142774,46.805000000000014,0.8660254037844384,-0.5000000000000004
551,1995,12,3.07,5.448333333333333,42.52616302975993,1.0,-2.4492935982947064e-16
552,1996,1,3.09,5.240421342294633,40.05,0.8660254037844387,0.49999999999999994
553,1996,2,3.37,4.2125,41.634919473230084,0.5000000000000001,0.8660254037844386
554,1996,3,3.51,2.8083333333333336,45.96499999999999,6.123233995736766e-17,1.0
555,1996,4,3.85,1.4041666666666675,51.879999999999995,-0.4999999999999998,0.8660254037844387
556,1996,5,4.14,0.3762453243720354,57.79499999999999,-0.8660254037844385,0.5000000000000003
557,1996,6,4.2,0.0,62.125080526769906,-1.0,1.2246467991473532e-16
558,1996,7,4.43,0.3762453243720345,63.709999999999994,-0.8660254037844388,-0.4999999999999997
559,1996,8,4.3,1.4041666666666655,62.12508052676991,-0.5000000000000004,-0.8660254037844385
560,1996,9,3.56,2.808333333333333,57.795,-1.8369701987210297e-16,-1.0
561,1996,10,2.88,4.212499999999999,51.88000000000001,0.49999999999999933,-0.866025403784439
562,1996,11,2.66,5.240421342294631,45.965,0.8660254037844384,-0.5000000000000004
563,1996,12,2.63,5.616666666666667,41.63491947323009,1.0,-2.4492935982947064e-16
564,1997,1,2.69,4.954297447047685,40.68000000000001,0.8660254037844387,0.49999999999999994
565,1997,2,2.65,3.9825,42.223387348403264,0.5000000000000001,0.8660254037844386
566,1997,3,2.79,2.655,46.44,6.123233995736766e-17,1.0
567,1997,4,2.8,1.3275000000000006,52.2,-0.4999999999999998,0.8660254037844387
568,1997,5,2.69,0.3557025529523159,57.959999999999994,-0.8660254037844385,0.5000000000000003
569,1997,6,2.56,0.0,62.176612651596734,-1.0,1.2246467991473532e-16
570,1997,7,2.42,0.355702552952315,63.72,-0.8660254037844388,-0.4999999999999997
571,1997,8,2.5,1.3274999999999988,62.17661265159674,-0.5000000000000004,-0.8660254037844385
572,1997,9,2.52,2.6549999999999994,57.96000000000001,-1.8369701987210297e-16,-1.0
573,1997,10,2.54,3.982499999999998,52.20000000000002,0.49999999999999933,-0.866025403784439
574,1997,11,2.51,4.954297447047684,46.44000000000001,0.8660254037844384,-0.5000000000000004
575,1997,12,2.52,5.31,42.22338734840328,1.0,-2.4492935982947064e-16
576,1998,1,2.56,5.269966744521219,42.81999999999999,0.8660254037844387,0.49999999999999994
577,1998,2,2.55,4.23625,44.34798026983847,0.5000000000000001,0.8660254037844386
578,1998,3,2.55,2.8241666666666667,48.522499999999994,6.123233995736766e-17,1.0
579,1998,4,2.41,1.412083333333334,54.224999999999994,-0.4999999999999998,0.8660254037844387
580,1998,5,2.34,0.3783665888121148,59.92749999999999,-0.8660254037844385,0.5000000000000003
581,1998,6,2.28,0.0,64.10201973016152,-1.0,1.2246467991473532e-16
582,1998,7,2.19,0.37836658881211394,65.63,-0.8660254037844388,-0.4999999999999997
583,1998,8,1.89,1.412083333333332,64.10201973016152,-0.5000000000000004,-0.8660254037844385
584,1998,9,1.84,2.8241666666666663,59.927499999999995,-1.8369701987210297e-16,-1.0
585,1998,10,1.91,4.236249999999998,54.22500000000001,0.49999999999999933,-0.866025403784439
586,1998,11,1.93,5.269966744521218,48.52250000000001,0.8660254037844384,-0.5000000000000004
587,1998,12,2,5.648333333333333,44.34798026983848,1.0,-2.4492935982947064e-16
588,1999,1,2.06,4.427145270478581,41.55,0.8660254037844387,0.49999999999999994
589,1999,2,2.05,3.5587500000000003,43.20123689835679,0.5000000000000001,0.8660254037844386
590,1999,3,2.06,2.3725,47.71249999999999,6.123233995736766e-17,1.0
591,1999,4,2.04,1.1862500000000005,53.875,-0.4999999999999998,0.8660254037844387
592,1999,5,1.99,0.3178547295214198,60.037499999999994,-0.8660254037844385,0.5000000000000003
593,1999,6,1.97,0.0,64.5487631016432,-1.0,1.2246467991473532e-16
594,1999,7,1.74,0.3178547295214189,66.2,-0.8660254037844388,-0.4999999999999997
595,1999,8,1.75,1.186249999999999,64.54876310164322,-0.5000000000000004,-0.8660254037844385
596,1999,9,1.75,2.3724999999999996,60.03750000000001,-1.8369701987210297e-16,-1.0
597,1999,10,1.69,3.5587499999999985,53.875000000000014,0.49999999999999933,-0.866025403784439
598,1999,11,1.7,4.42714527047858,47.712500000000006,0.8660254037844384,-0.5000000000000004
599,1999,12,1.82,4.745,43.2012368983568,1.0,-2.4492935982947064e-16
600,2000,1,1.91,4.388269741233072,41.21000000000001,0.8660254037844387,0.49999999999999994
601,2000,2,1.98,3.5275,42.824393884397516,0.5000000000000001,0.8660254037844386
602,2000,3,2.03,2.3516666666666666,47.235,6.123233995736766e-17,1.0
603,2000,4,2.03,1.1758333333333337,53.260000000000005,-0.4999999999999998,0.8660254037844387
604,2000,5,2.11,0.315063592100262,59.285,-0.8660254037844385,0.5000000000000003
605,2000,6,1.91,0.0,63.69560611560249,-1.0,1.2246467991473532e-16
606,2000,7,1.64,0.3150635921002616,65.31,-0.8660254037844388,-0.4999999999999997
607,2000,8,1.52,1.1758333333333322,63.695606115602494,-0.5000000000000004,-0.8660254037844385
608,2000,9,1.61,2.351666666666666,59.28500000000001,-1.8369701987210297e-16,-1.0
609,2000,10,1.74,3.527499999999998,53.26000000000002,0.49999999999999933,-0.866025403784439
610,2000,11,1.86,4.388269741233071,47.235000000000014,0.8660254037844384,-0.5000000000000004
611,2000,12,1.97,4.703333333333333,42.82439388439753,1.0,-2.4492935982947064e-16
612,2001,1,1.98,4.512671434818701,41.739999999999995,0.8660254037844387,0.49999999999999994
613,2001,2,1.96,3.6275000000000004,43.34099642477595,0.5000000000000001,0.8660254037844386
614,2001,3,1.96,2.4183333333333334,47.71499999999999,6.123233995736766e-17,1.0
615,2001,4,1.89,1.2091666666666672,53.69,-0.4999999999999998,0.8660254037844387
616,2001,5,1.82,0.3239952318479662,59.66499999999999,-0.8660254037844385,0.5000000000000003
617,2001,6,1.76,0.0,64.03900357522403,-1.0,1.2246467991473532e-16
618,2001,7,1.87,0.3239952318479653,65.64,-0.8660254037844388,-0.4999999999999997
619,2001,8,1.9,1.2091666666666656,64.03900357522404,-0.5000000000000004,-0.8660254037844385
620,2001,9,1.91,2.418333333333333,59.665000000000006,-1.8369701987210297e-16,-1.0
621,2001,10,1.84,3.6274999999999986,53.69000000000001,0.49999999999999933,-0.866025403784439
622,2001,11,1.85,4.5126714348187,47.715,0.8660254037844384,-0.5000000000000004
623,2001,12,1.98,4.836666666666667,43.340996424775966,1.0,-2.4492935982947064e-16
624,2002,1,1.97,4.517336498328162,41.22,0.8660254037844387,0.49999999999999994
625,2002,2,1.93,3.6312500000000005,42.8256855356435,0.5000000000000001,0.8660254037844386
626,2002,3,1.94,2.4208333333333334,47.21249999999999,6.123233995736766e-17,1.0
627,2002,4,1.91,1.2104166666666671,53.205,-0.4999999999999998,0.8660254037844387
628,2002,5,1.93,0.32433016833850514,59.19749999999999,-0.8660254037844385,0.5000000000000003
629,2002,6,1.97,0.0,63.584314464356495,-1.0,1.2246467991473532e-16
630,2002,7,2.13,0.32433016833850425,65.19,-0.8660254037844388,-0.4999999999999997
631,2002,8,2.38,1.2104166666666656,63.584314464356495,-0.5000000000000004,-0.8660254037844385
632,2002,9,2.47,2.420833333333333,59.197500000000005,-1.8369701987210297e-16,-1.0
633,2002,10,2.34,3.6312499999999988,53.20500000000001,0.49999999999999933,-0.866025403784439
634,2002,11,2.28,4.517336498328161,47.212500000000006,0.8660254037844384,-0.5000000000000004
635,2002,12,2.32,4.841666666666667,42.82568553564351,1.0,-2.4492935982947064e-16
636,2003,1,2.33,4.744369589121936,41.39999999999999,0.8660254037844387,0.49999999999999994
637,2003,2,2.34,3.81375,42.988268838135475,0.5000000000000001,0.8660254037844386
638,2003,3,2.33,2.5425,47.327499999999986,6.123233995736766e-17,1.0
639,2003,4,2.34,1.2712500000000007,53.254999999999995,-0.4999999999999998,0.8660254037844387
640,2003,5,2.38,0.34063041087806534,59.18249999999999,-0.8660254037844385,0.5000000000000003
641,2003,6,2.34,0.0,63.52173116186451,-1.0,1.2246467991473532e-16
642,2003,7,2.17,0.34063041087806445,65.11,-0.8660254037844388,-0.4999999999999997
643,2003,8,2.15,1.2712499999999989,63.52173116186452,-0.5000000000000004,-0.8660254037844385
644,2003,9,2.2,2.5424999999999995,59.182500000000005,-1.8369701987210297e-16,-1.0
645,2003,10,2.12,3.813749999999998,53.25500000000001,0.49999999999999933,-0.866025403784439
646,2003,11,2.2,4.744369589121934,47.3275,0.8660254037844384,-0.5000000000000004
647,2003,12,2.31,5.085,42.98826883813548,1.0,-2.4492935982947064e-16
648,2004,1,2.39,5.170445389652716,41.57000000000001,0.8660254037844387,0.49999999999999994
649,2004,2,2.61,4.15625,43.113387348403265,0.5000000000000001,0.8660254037844386
650,2004,3,2.75,2.7708333333333335,47.33,6.123233995736766e-17,1.0
651,2004,4,2.89,1.3854166666666674,53.09,-0.4999999999999998,0.8660254037844387
652,2004,5,2.87,0.3712212770139516,58.849999999999994,-0.8660254037844385,0.5000000000000003
653,2004,6,2.79,0.0,63.066612651596735,-1.0,1.2246467991473532e-16
654,2004,7,2.51,0.3712212770139507,64.61,-0.8660254037844388,-0.4999999999999997
655,2004,8,2.34,1.3854166666666654,63.06661265159674,-0.5000000000000004,-0.8660254037844385
656,2004,9,2.2,2.770833333333333,58.85000000000001,-1.8369701987210297e-16,-1.0
657,2004,10,2.14,4.156249999999998,53.09000000000002,0.49999999999999933,-0.866025403784439
658,2004,11,2.05,5.1704453896527145,47.33000000000001,0.8660254037844384,-0.5000000000000004
659,2004,12,2.04,5.541666666666667,43.11338734840328,1.0,-2.4492935982947064e-16
660,2005,1,2.12,4.67750367881966,41.78,0.8660254037844387,0.49999999999999994
661,2005,2,1.95,3.76,43.36826883813548,0.5000000000000001,0.8660254037844386
662,2005,3,2.02,2.5066666666666664,47.707499999999996,6.123233995736766e-17,1.0
663,2005,4,2,1.2533333333333339,53.635,-0.4999999999999998,0.8660254037844387
664,2005,5,1.98,0.3358296545136743,59.562499999999986,-0.8660254037844385,0.5000000000000003
665,2005,6,2.03,0.0,63.90173116186451,-1.0,1.2246467991473532e-16
666,2005,7,2.11,0.3358296545136734,65.49,-0.8660254037844388,-0.4999999999999997
667,2005,8,1.95,1.253333333333332,63.90173116186452,-0.5000000000000004,-0.8660254037844385
668,2005,9,1.9,2.506666666666666,59.5625,-1.8369701987210297e-16,-1.0
669,2005,10,1.82,3.759999999999998,53.63500000000001,0.49999999999999933,-0.866025403784439
670,2005,11,1.77,4.677503678819658,47.70750000000001,0.8660254037844384,-0.5000000000000004
671,2005,12,1.92,5.013333333333333,43.36826883813549,1.0,-2.4492935982947064e-16
672,2006,1,2,4.63707312840433,42.08,0.8660254037844387,0.49999999999999994
673,2006,2,2.02,3.7275,43.7098009629623,0.5000000000000001,0.8660254037844386
674,2006,3,2.06,2.485,48.162499999999994,6.123233995736766e-17,1.0
675,2006,4,2.11,1.2425000000000004,54.245,-0.4999999999999998,0.8660254037844387
676,2006,5,2.17,0.33292687159567036,60.327499999999986,-0.8660254037844385,0.5000000000000003
677,2006,6,2.14,0.0,64.78019903703769,-1.0,1.2246467991473532e-16
678,2006,7,2.14,0.33292687159566947,66.41,-0.8660254037844388,-0.4999999999999997
679,2006,8,2.09,1.2424999999999988,64.7801990370377,-0.5000000000000004,-0.8660254037844385
680,2006,9,2.2,2.4849999999999994,60.3275,-1.8369701987210297e-16,-1.0
681,2006,10,2.55,3.7274999999999983,54.24500000000001,0.49999999999999933,-0.866025403784439
682,2006,11,2.88,4.637073128404329,48.16250000000001,0.8660254037844384,-0.5000000000000004
683,2006,12,3.01,4.97,43.70980096296231,1.0,-2.4492935982947064e-16
684,2007,1,3.05,4.537551773535826,41.67,0.8660254037844387,0.49999999999999994
685,2007,2,3.44,3.6475,43.275685535643504,0.5000000000000001,0.8660254037844386
686,2007,3,3.43,2.4316666666666666,47.662499999999994,6.123233995736766e-17,1.0
687,2007,4,3.39,1.2158333333333338,53.655,-0.4999999999999998,0.8660254037844387
688,2007,5,3.49,0.3257815597975071,59.647499999999994,-0.8660254037844385,0.5000000000000003
689,2007,6,3.53,0.0,64.0343144643565,-1.0,1.2246467991473532e-16
690,2007,7,3.32,0.3257815597975062,65.64,-0.8660254037844388,-0.4999999999999997
691,2007,8,3.26,1.2158333333333322,64.0343144643565,-0.5000000000000004,-0.8660254037844385
692,2007,9,3.28,2.431666666666666,59.64750000000001,-1.8369701987210297e-16,-1.0
693,2007,10,3.29,3.647499999999998,53.655000000000015,0.49999999999999933,-0.866025403784439
694,2007,11,3.44,4.537551773535826,47.66250000000001,0.8660254037844384,-0.5000000000000004
695,2007,12,3.77,4.863333333333333,43.27568553564351,1.0,-2.4492935982947064e-16
696,2008,1,3.98,4.857886134518822,40.13000000000001,0.8660254037844387,0.49999999999999994
697,2008,2,4.54,3.905,41.75913108998123,0.5000000000000001,0.8660254037844386
698,2008,3,4.7,2.603333333333333,46.21,6.123233995736766e-17,1.0
699,2008,4,5.14,1.3016666666666672,52.290000000000006,-0.4999999999999998,0.8660254037844387
700,2008,5,5.27,0.348780532147845,58.37,-0.8660254037844385,0.5000000000000003
701,2008,6,5.47,0.0,62.820868910018774,-1.0,1.2246467991473532e-16
702,2008,7,5.25,0.3487805321478441,64.45,-0.8660254037844388,-0.4999999999999997
703,2008,8,5.26,1.3016666666666654,62.82086891001879,-0.5000000000000004,-0.8660254037844385
704,2008,9,5.01,2.6033333333333326,58.37000000000001,-1.8369701987210297e-16,-1.0
705,2008,10,4.37,3.9049999999999976,52.29000000000002,0.49999999999999933,-0.866025403784439
706,2008,11,4.26,4.857886134518821,46.210000000000015,0.8660254037844384,-0.5000000000000004
707,2008,12,4.11,5.206666666666666,41.75913108998124,1.0,-2.4492935982947064e-16
708,2009,1,4.36,5.02271837851978,40.60000000000001,0.8660254037844387,0.49999999999999994
709,2009,2,3.87,4.0375,42.178890616400395,0.5000000000000001,0.8660254037844386
710,2009,3,3.85,2.6916666666666664,46.4925,6.123233995736766e-17,1.0
711,2009,4,3.85,1.3458333333333339,52.385000000000005,-0.4999999999999998,0.8660254037844387
712,2009,5,3.96,0.3606149548135531,58.277499999999996,-0.8660254037844385,0.5000000000000003
713,2009,6,4.01,0.0,62.591109383599616,-1.0,1.2246467991473532e-16
714,2009,7,3.6,0.3606149548135522,64.17,-0.8660254037844388,-0.4999999999999997
715,2009,8,3.33,1.345833333333332,62.591109383599616,-0.5000000000000004,-0.8660254037844385
716,2009,9,3.25,2.691666666666666,58.27750000000001,-1.8369701987210297e-16,-1.0
717,2009,10,3.61,4.037499999999998,52.38500000000002,0.49999999999999933,-0.866025403784439
718,2009,11,3.65,5.022718378519779,46.492500000000014,0.8660254037844384,-0.5000000000000004
719,2009,12,3.6,5.383333333333333,42.1788906164004,1.0,-2.4492935982947064e-16
720,2010,1,3.66,4.8781014097264865,41.31,0.8660254037844387,0.49999999999999994
721,2010,2,3.55,3.9212500000000006,42.874153410816675,0.5000000000000001,0.8660254037844386
722,2010,3,3.55,2.6141666666666667,47.147499999999994,6.123233995736766e-17,1.0
723,2010,4,3.41,1.307083333333334,52.985,-0.4999999999999998,0.8660254037844387
724,2010,5,3.48,0.35023192360684696,58.82249999999999,-0.8660254037844385,0.5000000000000003
725,2010,6,3.41,0.0,63.09584658918332,-1.0,1.2246467991473532e-16
726,2010,7,3.49,0.3502319236068461,64.66,-0.8660254037844388,-0.4999999999999997
727,2010,8,3.65,1.3070833333333323,63.095846589183324,-0.5000000000000004,-0.8660254037844385
728,2010,9,4.08,2.6141666666666663,58.822500000000005,-1.8369701987210297e-16,-1.0
729,2010,10,4.32,3.9212499999999983,52.985000000000014,0.49999999999999933,-0.866025403784439
730,2010,11,4.55,4.8781014097264865,47.14750000000001,0.8660254037844384,-0.5000000000000004
731,2010,12,4.82,5.2283333333333335,42.87415341081669,1.0,-2.4492935982947064e-16
732,2011,1,4.94,4.6806137211593,41.19,0.8660254037844387,0.49999999999999994
733,2011,2,5.65,3.7625,42.7956855356435,0.5000000000000001,0.8660254037844386
734,2011,3,5.53,2.5083333333333333,47.18249999999999,6.123233995736766e-17,1.0
735,2011,4,6.36,1.2541666666666673,53.175,-0.4999999999999998,0.8660254037844387
736,2011,5,6.32,0.33605294550736664,59.16749999999999,-0.8660254037844385,0.5000000000000003
737,2011,6,6.38,0.0,63.554314464356494,-1.0,1.2246467991473532e-16
738,2011,7,6.33,0.33605294550736575,65.16,-0.8660254037844388,-0.4999999999999997
739,2011,8,6.88,1.2541666666666655,63.554314464356494,-0.5000000000000004,-0.8660254037844385
740,2011,9,6.38,2.508333333333333,59.167500000000004,-1.8369701987210297e-16,-1.0
741,2011,10,5.73,3.7624999999999984,53.17500000000001,0.49999999999999933,-0.866025403784439
742,2011,11,5.83,4.6806137211592995,47.182500000000005,0.8660254037844384,-0.5000000000000004
743,2011,12,5.86,5.016666666666667,42.79568553564351,1.0,-2.4492935982947064e-16
744,2012,1,6.07,4.280973280515467,42.879999999999995,0.8660254037844387,0.49999999999999994
745,2012,2,6.28,3.4412500000000006,44.541954866054034,0.5000000000000001,0.8660254037844386
746,2012,3,6.35,2.294166666666667,49.082499999999996,6.123233995736766e-17,1.0
747,2012,4,6.34,1.147083333333334,55.285,-0.4999999999999998,0.8660254037844387
748,2012,5,6.34,0.3073600528178675,61.48749999999999,-0.8660254037844385,0.5000000000000003
749,2012,6,6.37,0.0,66.02804513394595,-1.0,1.2246467991473532e-16
750,2012,7,7.14,0.3073600528178666,67.69,-0.8660254037844388,-0.4999999999999997
751,2012,8,7.63,1.1470833333333323,66.02804513394597,-0.5000000000000004,-0.8660254037844385
752,2012,9,6.89,2.2941666666666665,61.4875,-1.8369701987210297e-16,-1.0
753,2012,10,6.78,3.441249999999999,55.28500000000001,0.49999999999999933,-0.866025403784439
754,2012,11,7.01,4.280973280515466,49.08250000000001,0.8660254037844384,-0.5000000000000004
755,2012,12,6.87,4.588333333333334,44.54195486605405,1.0,-2.4492935982947064e-16
756,2013,1,6.96,4.829895753462056,40.7,0.8660254037844387,0.49999999999999994
757,2013,2,7.04,3.8825000000000003,42.270852140627454,0.5000000000000001,0.8660254037844386
758,2013,3,7.13,2.5883333333333334,46.5625,6.123233995736766e-17,1.0
759,2013,4,6.97,1.2941666666666674,52.425000000000004,-0.4999999999999998,0.8660254037844387
760,2013,5,6.97,0.34677091320461173,58.287499999999994,-0.8660254037844385,0.5000000000000003
761,2013,6,6.97,0.0,62.57914785937255,-1.0,1.2246467991473532e-16
762,2013,7,6.79,0.34677091320461084,64.15,-0.8660254037844388,-0.4999999999999997
763,2013,8,6.21,1.2941666666666656,62.579147859372554,-0.5000000000000004,-0.8660254037844385
764,2013,9,5.4,2.588333333333333,58.28750000000001,-1.8369701987210297e-16,-1.0
765,2013,10,4.63,3.8824999999999985,52.42500000000002,0.49999999999999933,-0.866025403784439
766,2013,11,4.37,4.829895753462054,46.562500000000014,0.8660254037844384,-0.5000000000000004
767,2013,12,4.41,5.176666666666667,42.27085214062747,1.0,-2.4492935982947064e-16
768,2014,1,4.42,4.797240308895828,40.72999999999999,0.8660254037844387,0.49999999999999994
769,2014,2,4.35,3.85625,42.311570108324695,0.5000000000000001,0.8660254037844386
770,2014,3,4.52,2.5708333333333333,46.63249999999999,6.123233995736766e-17,1.0
771,2014,4,4.71,1.2854166666666673,52.535,-0.4999999999999998,0.8660254037844387
772,2014,5,4.71,0.3444263577708395,58.43749999999999,-0.8660254037844385,0.5000000000000003
773,2014,6,4.5,0.0,62.75842989167529,-1.0,1.2246467991473532e-16
774,2014,7,4.06,0.34442635777083863,64.34,-0.8660254037844388,-0.4999999999999997
775,2014,8,3.63,1.2854166666666655,62.758429891675306,-0.5000000000000004,-0.8660254037844385
776,2014,9,3.49,2.570833333333333,58.4375,-1.8369701987210297e-16,-1.0
777,2014,10,3.57,3.8562499999999984,52.53500000000001,0.49999999999999933,-0.866025403784439
778,2014,11,3.6,4.797240308895827,46.63250000000001,0.8660254037844384,-0.5000000000000004
779,2014,12,3.79,5.141666666666667,42.3115701083247,1.0,-2.4492935982947064e-16
780,2015,1,3.82,5.3788182264086455,42.71000000000001,0.8660254037844387,0.49999999999999994
781,2015,2,3.79,4.32375,44.27482328379776,0.5000000000000001,0.8660254037844386
782,2015,3,3.81,2.8825000000000003,48.55,6.123233995736766e-17,1.0
783,2015,4,3.75,1.4412500000000008,54.39,-0.4999999999999998,0.8660254037844387
784,2015,5,3.64,0.38618177359135597,60.22999999999999,-0.8660254037844385,0.5000000000000003
785,2015,6,3.59,0.0,64.50517671620224,-1.0,1.2246467991473532e-16
786,2015,7,3.8,0.3861817735913551,66.07,-0.8660254037844388,-0.4999999999999997
787,2015,8,3.68,1.4412499999999988,64.50517671620224,-0.5000000000000004,-0.8660254037844385
788,2015,9,3.68,2.8825,60.230000000000004,-1.8369701987210297e-16,-1.0
789,2015,10,3.67,4.323749999999999,54.390000000000015,0.49999999999999933,-0.866025403784439
790,2015,11,3.59,5.378818226408644,48.55000000000001,0.8660254037844384,-0.5000000000000004
791,2015,12,3.65,5.765000000000001,44.27482328379777,1.0,-2.4492935982947064e-16
792,2016,1,3.66,4.885876515575589,43.129999999999995,0.8660254037844387,0.49999999999999994
793,2016,2,3.58,3.9275000000000007,44.70822074341931,0.5000000000000001,0.8660254037844386
794,2016,3,3.56,2.6183333333333336,49.019999999999996,6.123233995736766e-17,1.0
795,2016,4,3.56,1.3091666666666675,54.91,-0.4999999999999998,0.8660254037844387
796,2016,5,3.68,0.3507901510910787,60.79999999999999,-0.8660254037844385,0.5000000000000003
797,2016,6,3.82,0.0,65.11177925658068,-1.0,1.2246467991473532e-16
798,2016,7,3.6,0.3507901510910778,66.69,-0.8660254037844388,-0.4999999999999997
799,2016,8,3.21,1.3091666666666657,65.11177925658069,-0.5000000000000004,-0.8660254037844385
800,2016,9,3.22,2.618333333333333,60.8,-1.8369701987210297e-16,-1.0
801,2016,10,3.29,3.9274999999999984,54.91000000000001,0.49999999999999933,-0.866025403784439
802,2016,11,3.24,4.885876515575589,49.02000000000001,0.8660254037844384,-0.5000000000000004
803,2016,12,3.32,5.236666666666667,44.70822074341932,1.0,-2.4492935982947064e-16
804,2017,1,3.4,5.024273399689601,42.74000000000001,0.8660254037844387,0.49999999999999994
805,2017,2,3.44,4.03875,44.32157010832471,0.5000000000000001,0.8660254037844386
806,2017,3,3.49,2.6925000000000003,48.6425,6.123233995736766e-17,1.0
807,2017,4,3.43,1.3462500000000008,54.545,-0.4999999999999998,0.8660254037844387
808,2017,5,3.45,0.36072660031039927,60.44749999999999,-0.8660254037844385,0.5000000000000003
809,2017,6,3.43,0.0,64.7684298916753,-1.0,1.2246467991473532e-16
810,2017,7,3.49,0.3607266003103984,66.35,-0.8660254037844388,-0.4999999999999997
811,2017,8,3.27,1.346249999999999,64.7684298916753,-0.5000000000000004,-0.8660254037844385
812,2017,9,3.27,2.6925,60.447500000000005,-1.8369701987210297e-16,-1.0
813,2017,10,3.26,4.0387499999999985,54.545000000000016,0.49999999999999933,-0.866025403784439
814,2017,11,3.15,5.024273399689601,48.64250000000001,0.8660254037844384,-0.5000000000000004
815,2017,12,3.23,5.385000000000001,44.321570108324714,1.0,-2.4492935982947064e-16
816,2018,1,3.29,5.3881483534275665,41.94,0.8660254037844387,0.49999999999999994
817,2018,2,3.38,4.33125,43.49075595119512,0.5000000000000001,0.8660254037844386
818,2018,3,3.51,2.8874999999999997,47.72749999999999,6.123233995736766e-17,1.0
819,2018,4,3.58,1.4437500000000005,53.515,-0.4999999999999998,0.8660254037844387
820,2018,5,3.68,0.38685164657243387,59.302499999999995,-0.8660254037844385,0.5000000000000003
821,2018,6,3.58,0.0,63.539244048804875,-1.0,1.2246467991473532e-16
822,2018,7,3.47,0.386851646572433,65.09,-0.8660254037844388,-0.4999999999999997
823,2018,8,3.36,1.4437499999999985,63.53924404880489,-0.5000000000000004,-0.8660254037844385
824,2018,9,3.4,2.8874999999999993,59.30250000000001,-1.8369701987210297e-16,-1.0
825,2018,10,3.42,4.331249999999997,53.515000000000015,0.49999999999999933,-0.866025403784439
826,2018,11,3.41,5.388148353427566,47.727500000000006,0.8660254037844384,-0.5000000000000004
827,2018,12,3.54,5.7749999999999995,43.490755951195126,1.0,-2.4492935982947064e-16
828,2019,1,3.56,5.414583713314514,41.269999999999996,0.8660254037844387,0.49999999999999994
829,2019,2,3.6,4.352500000000001,42.797980269838476,0.5000000000000001,0.8660254037844386
830,2019,3,3.61,2.901666666666667,46.9725,6.123233995736766e-17,1.0
831,2019,4,3.53,1.450833333333334,52.675,-0.4999999999999998,0.8660254037844387
832,2019,5,3.63,0.38874962001882096,58.37749999999999,-0.8660254037844385,0.5000000000000003
833,2019,6,3.98,0.0,62.55201973016152,-1.0,1.2246467991473532e-16
834,2019,7,4.16,0.3887496200188201,64.08,-0.8660254037844388,-0.4999999999999997
835,2019,8,3.93,1.450833333333332,62.55201973016152,-0.5000000000000004,-0.8660254037844385
836,2019,9,3.8,2.9016666666666664,58.3775,-1.8369701987210297e-16,-1.0
837,2019,10,3.85,4.352499999999998,52.67500000000001,0.49999999999999933,-0.866025403784439
838,2019,11,3.68,5.414583713314512,46.97250000000001,0.8660254037844384,-0.5000000000000004
839,2019,12,3.71,5.803333333333334,42.79798026983848,1.0,-2.4492935982947064e-16
840,2020,1,3.79,4.7210442715746295,42.41,0.8660254037844387,0.49999999999999994
841,2020,2,3.78,3.795,44.01233617073811,0.5000000000000001,0.8660254037844386
842,2020,3,3.68,2.53,48.38999999999999,6.123233995736766e-17,1.0
843,2020,4,3.29,1.2650000000000006,54.37,-0.4999999999999998,0.8660254037844387
844,2020,5,3.2,0.3389557284253706,60.34999999999999,-0.8660254037844385,0.5000000000000003
845,2020,6,3.16,0.0,64.72766382926189,-1.0,1.2246467991473532e-16
846,2020,7,3.21,0.3389557284253697,66.33,-0.8660254037844388,-0.4999999999999997
847,2020,8,3.12,1.2649999999999988,64.72766382926189,-0.5000000000000004,-0.8660254037844385
848,2020,9,3.4,2.5299999999999994,60.35,-1.8369701987210297e-16,-1.0
849,2020,10,3.61,3.794999999999998,54.37000000000001,0.49999999999999933,-0.866025403784439
850,2020,11,3.79,4.721044271574629,48.39000000000001,0.8660254037844384,-0.5000000000000004
851,2020,12,3.97,5.06,44.012336170738116,1.0,-2.4492935982947064e-16
